{
  "ABIRoot": {
    "kind": "Root",
    "name": "Gate2TravelSDK",
    "printedName": "Gate2TravelSDK",
    "children": [
      {
        "kind": "Import",
        "name": "Gate2TravelCore",
        "printedName": "Gate2TravelCore",
        "declKind": "Import",
        "moduleName": "Gate2TravelSDK",
        "declAttributes": [
          "Exported",
          "RawDocComment"
        ]
      },
      {
        "kind": "Import",
        "name": "Gate2TravelESims",
        "printedName": "Gate2TravelESims",
        "declKind": "Import",
        "moduleName": "Gate2TravelSDK",
        "declAttributes": [
          "Exported"
        ]
      },
      {
        "kind": "Import",
        "name": "Foundation",
        "printedName": "Foundation",
        "declKind": "Import",
        "moduleName": "Gate2TravelSDK"
      },
      {
        "kind": "Import",
        "name": "SwiftUI",
        "printedName": "SwiftUI",
        "declKind": "Import",
        "moduleName": "Gate2TravelSDK"
      },
      {
        "kind": "Import",
        "name": "Gate2TravelCore",
        "printedName": "Gate2TravelCore",
        "declKind": "Import",
        "moduleName": "Gate2TravelSDK",
        "declAttributes": [
          "SPIAccessControl"
        ]
      },
      {
        "kind": "TypeDecl",
        "name": "Gate2Travel",
        "printedName": "Gate2Travel",
        "children": [
          {
            "kind": "Var",
            "name": "version",
            "printedName": "version",
            "children": [
              {
                "kind": "TypeNominal",
                "name": "String",
                "printedName": "Swift.String",
                "usr": "s:SS"
              }
            ],
            "declKind": "Var",
            "usr": "s:14Gate2TravelSDK0aB0C7versionSSvpZ",
            "mangledName": "$s14Gate2TravelSDK0aB0C7versionSSvpZ",
            "moduleName": "Gate2TravelSDK",
            "static": true,
            "declAttributes": [
              "Final",
              "AccessControl"
            ],
            "accessors": [
              {
                "kind": "Accessor",
                "name": "Get",
                "printedName": "Get()",
                "children": [
                  {
                    "kind": "TypeNominal",
                    "name": "String",
                    "printedName": "Swift.String",
                    "usr": "s:SS"
                  }
                ],
                "declKind": "Accessor",
                "usr": "s:14Gate2TravelSDK0aB0C7versionSSvgZ",
                "mangledName": "$s14Gate2TravelSDK0aB0C7versionSSvgZ",
                "moduleName": "Gate2TravelSDK",
                "static": true,
                "declAttributes": [
                  "Final"
                ],
                "accessorKind": "get"
              }
            ]
          },
          {
            "kind": "Function",
            "name": "configure",
            "printedName": "configure(apiKey:sessionId:userId:theme:logLevels:localization:language:)",
            "children": [
              {
                "kind": "TypeNominal",
                "name": "Void",
                "printedName": "()"
              },
              {
                "kind": "TypeNominal",
                "name": "String",
                "printedName": "Swift.String",
                "usr": "s:SS"
              },
              {
                "kind": "TypeNominal",
                "name": "String",
                "printedName": "Swift.String",
                "usr": "s:SS"
              },
              {
                "kind": "TypeNominal",
                "name": "String",
                "printedName": "Swift.String",
                "usr": "s:SS"
              },
              {
                "kind": "TypeNominal",
                "name": "Theme",
                "printedName": "Gate2TravelCore.Theme",
                "hasDefaultArg": true,
                "usr": "s:15Gate2TravelCore5ThemeV"
              },
              {
                "kind": "TypeNominal",
                "name": "Array",
                "printedName": "[Gate2TravelCore.G2TLogLevel]",
                "children": [
                  {
                    "kind": "TypeNominal",
                    "name": "G2TLogLevel",
                    "printedName": "Gate2TravelCore.G2TLogLevel",
                    "usr": "s:15Gate2TravelCore11G2TLogLevelO"
                  }
                ],
                "hasDefaultArg": true,
                "usr": "s:Sa"
              },
              {
                "kind": "TypeNominal",
                "name": "SDKLocalizationProvider",
                "printedName": "any Gate2TravelSDK.SDKLocalizationProvider",
                "hasDefaultArg": true,
                "usr": "s:14Gate2TravelSDK23SDKLocalizationProviderP"
              },
              {
                "kind": "TypeNominal",
                "name": "Optional",
                "printedName": "(() -> Gate2TravelCore.G2TLanguage)?",
                "children": [
                  {
                    "kind": "TypeFunc",
                    "name": "Function",
                    "printedName": "() -> Gate2TravelCore.G2TLanguage",
                    "children": [
                      {
                        "kind": "TypeNominal",
                        "name": "G2TLanguage",
                        "printedName": "Gate2TravelCore.G2TLanguage",
                        "usr": "s:15Gate2TravelCore11G2TLanguageO"
                      },
                      {
                        "kind": "TypeNominal",
                        "name": "Void",
                        "printedName": "()"
                      }
                    ]
                  }
                ],
                "hasDefaultArg": true,
                "usr": "s:Sq"
              }
            ],
            "declKind": "Func",
            "usr": "s:14Gate2TravelSDK0aB0C9configure6apiKey9sessionId04userH05theme9logLevels12localization8languageySS_S2S0aB4Core5ThemeVSayAL11G2TLogLevelOGAA23SDKLocalizationProvider_pAL0Q9TLanguageOyYbcSgtKFZ",
            "mangledName": "$s14Gate2TravelSDK0aB0C9configure6apiKey9sessionId04userH05theme9logLevels12localization8languageySS_S2S0aB4Core5ThemeVSayAL11G2TLogLevelOGAA23SDKLocalizationProvider_pAL0Q9TLanguageOyYbcSgtKFZ",
            "moduleName": "Gate2TravelSDK",
            "static": true,
            "declAttributes": [
              "Final",
              "AccessControl",
              "RawDocComment"
            ],
            "throwing": true,
            "funcSelfKind": "NonMutating"
          },
          {
            "kind": "Var",
            "name": "isConfigured",
            "printedName": "isConfigured",
            "children": [
              {
                "kind": "TypeNominal",
                "name": "Bool",
                "printedName": "Swift.Bool",
                "usr": "s:Sb"
              }
            ],
            "declKind": "Var",
            "usr": "s:14Gate2TravelSDK0aB0C12isConfiguredSbvpZ",
            "mangledName": "$s14Gate2TravelSDK0aB0C12isConfiguredSbvpZ",
            "moduleName": "Gate2TravelSDK",
            "static": true,
            "declAttributes": [
              "Final",
              "AccessControl",
              "RawDocComment"
            ],
            "accessors": [
              {
                "kind": "Accessor",
                "name": "Get",
                "printedName": "Get()",
                "children": [
                  {
                    "kind": "TypeNominal",
                    "name": "Bool",
                    "printedName": "Swift.Bool",
                    "usr": "s:Sb"
                  }
                ],
                "declKind": "Accessor",
                "usr": "s:14Gate2TravelSDK0aB0C12isConfiguredSbvgZ",
                "mangledName": "$s14Gate2TravelSDK0aB0C12isConfiguredSbvgZ",
                "moduleName": "Gate2TravelSDK",
                "static": true,
                "declAttributes": [
                  "Final"
                ],
                "accessorKind": "get"
              }
            ]
          },
          {
            "kind": "Function",
            "name": "getTheme",
            "printedName": "getTheme()",
            "children": [
              {
                "kind": "TypeNominal",
                "name": "Optional",
                "printedName": "Gate2TravelCore.Theme?",
                "children": [
                  {
                    "kind": "TypeNominal",
                    "name": "Theme",
                    "printedName": "Gate2TravelCore.Theme",
                    "usr": "s:15Gate2TravelCore5ThemeV"
                  }
                ],
                "usr": "s:Sq"
              }
            ],
            "declKind": "Func",
            "usr": "s:14Gate2TravelSDK0aB0C8getTheme0aB4Core0E0VSgyFZ",
            "mangledName": "$s14Gate2TravelSDK0aB0C8getTheme0aB4Core0E0VSgyFZ",
            "moduleName": "Gate2TravelSDK",
            "static": true,
            "declAttributes": [
              "Final",
              "AccessControl",
              "RawDocComment"
            ],
            "funcSelfKind": "NonMutating"
          },
          {
            "kind": "Function",
            "name": "getLocalization",
            "printedName": "getLocalization()",
            "children": [
              {
                "kind": "TypeNominal",
                "name": "Optional",
                "printedName": "(any Gate2TravelSDK.SDKLocalizationProvider)?",
                "children": [
                  {
                    "kind": "TypeNominal",
                    "name": "SDKLocalizationProvider",
                    "printedName": "any Gate2TravelSDK.SDKLocalizationProvider",
                    "usr": "s:14Gate2TravelSDK23SDKLocalizationProviderP"
                  }
                ],
                "usr": "s:Sq"
              }
            ],
            "declKind": "Func",
            "usr": "s:14Gate2TravelSDK0aB0C15getLocalizationAA23SDKLocalizationProvider_pSgyFZ",
            "mangledName": "$s14Gate2TravelSDK0aB0C15getLocalizationAA23SDKLocalizationProvider_pSgyFZ",
            "moduleName": "Gate2TravelSDK",
            "static": true,
            "declAttributes": [
              "Final",
              "AccessControl",
              "RawDocComment"
            ],
            "funcSelfKind": "NonMutating"
          }
        ],
        "declKind": "Class",
        "usr": "s:14Gate2TravelSDK0aB0C",
        "mangledName": "$s14Gate2TravelSDK0aB0C",
        "moduleName": "Gate2TravelSDK",
        "declAttributes": [
          "Final",
          "AccessControl",
          "RawDocComment"
        ],
        "hasMissingDesignatedInitializers": true,
        "conformances": [
          {
            "kind": "Conformance",
            "name": "Copyable",
            "printedName": "Copyable",
            "usr": "s:s8CopyableP",
            "mangledName": "$ss8CopyableP"
          },
          {
            "kind": "Conformance",
            "name": "Escapable",
            "printedName": "Escapable",
            "usr": "s:s9EscapableP",
            "mangledName": "$ss9EscapableP"
          }
        ]
      },
      {
        "kind": "Import",
        "name": "Foundation",
        "printedName": "Foundation",
        "declKind": "Import",
        "moduleName": "Gate2TravelSDK"
      },
      {
        "kind": "TypeDecl",
        "name": "SDKError",
        "printedName": "SDKError",
        "children": [
          {
            "kind": "Var",
            "name": "notConfigured",
            "printedName": "notConfigured",
            "children": [
              {
                "kind": "TypeFunc",
                "name": "Function",
                "printedName": "(Gate2TravelSDK.SDKError.Type) -> Gate2TravelSDK.SDKError",
                "children": [
                  {
                    "kind": "TypeNominal",
                    "name": "SDKError",
                    "printedName": "Gate2TravelSDK.SDKError",
                    "usr": "s:14Gate2TravelSDK8SDKErrorO"
                  },
                  {
                    "kind": "TypeNominal",
                    "name": "Metatype",
                    "printedName": "Gate2TravelSDK.SDKError.Type",
                    "children": [
                      {
                        "kind": "TypeNominal",
                        "name": "SDKError",
                        "printedName": "Gate2TravelSDK.SDKError",
                        "usr": "s:14Gate2TravelSDK8SDKErrorO"
                      }
                    ]
                  }
                ]
              }
            ],
            "declKind": "EnumElement",
            "usr": "s:14Gate2TravelSDK8SDKErrorO13notConfiguredyA2CmF",
            "mangledName": "$s14Gate2TravelSDK8SDKErrorO13notConfiguredyA2CmF",
            "moduleName": "Gate2TravelSDK",
            "declAttributes": [
              "RawDocComment"
            ]
          },
          {
            "kind": "Function",
            "name": "==",
            "printedName": "==(_:_:)",
            "children": [
              {
                "kind": "TypeNominal",
                "name": "Bool",
                "printedName": "Swift.Bool",
                "usr": "s:Sb"
              },
              {
                "kind": "TypeNominal",
                "name": "SDKError",
                "printedName": "Gate2TravelSDK.SDKError",
                "usr": "s:14Gate2TravelSDK8SDKErrorO"
              },
              {
                "kind": "TypeNominal",
                "name": "SDKError",
                "printedName": "Gate2TravelSDK.SDKError",
                "usr": "s:14Gate2TravelSDK8SDKErrorO"
              }
            ],
            "declKind": "Func",
            "usr": "s:14Gate2TravelSDK8SDKErrorO2eeoiySbAC_ACtFZ",
            "mangledName": "$s14Gate2TravelSDK8SDKErrorO2eeoiySbAC_ACtFZ",
            "moduleName": "Gate2TravelSDK",
            "static": true,
            "implicit": true,
            "funcSelfKind": "NonMutating"
          },
          {
            "kind": "Var",
            "name": "hashValue",
            "printedName": "hashValue",
            "children": [
              {
                "kind": "TypeNominal",
                "name": "Int",
                "printedName": "Swift.Int",
                "usr": "s:Si"
              }
            ],
            "declKind": "Var",
            "usr": "s:14Gate2TravelSDK8SDKErrorO9hashValueSivp",
            "mangledName": "$s14Gate2TravelSDK8SDKErrorO9hashValueSivp",
            "moduleName": "Gate2TravelSDK",
            "implicit": true,
            "accessors": [
              {
                "kind": "Accessor",
                "name": "Get",
                "printedName": "Get()",
                "children": [
                  {
                    "kind": "TypeNominal",
                    "name": "Int",
                    "printedName": "Swift.Int",
                    "usr": "s:Si"
                  }
                ],
                "declKind": "Accessor",
                "usr": "s:14Gate2TravelSDK8SDKErrorO9hashValueSivg",
                "mangledName": "$s14Gate2TravelSDK8SDKErrorO9hashValueSivg",
                "moduleName": "Gate2TravelSDK",
                "implicit": true,
                "accessorKind": "get"
              }
            ]
          },
          {
            "kind": "Function",
            "name": "hash",
            "printedName": "hash(into:)",
            "children": [
              {
                "kind": "TypeNominal",
                "name": "Void",
                "printedName": "()"
              },
              {
                "kind": "TypeNominal",
                "name": "Hasher",
                "printedName": "Swift.Hasher",
                "paramValueOwnership": "InOut",
                "usr": "s:s6HasherV"
              }
            ],
            "declKind": "Func",
            "usr": "s:14Gate2TravelSDK8SDKErrorO4hash4intoys6HasherVz_tF",
            "mangledName": "$s14Gate2TravelSDK8SDKErrorO4hash4intoys6HasherVz_tF",
            "moduleName": "Gate2TravelSDK",
            "implicit": true,
            "funcSelfKind": "NonMutating"
          }
        ],
        "declKind": "Enum",
        "usr": "s:14Gate2TravelSDK8SDKErrorO",
        "mangledName": "$s14Gate2TravelSDK8SDKErrorO",
        "moduleName": "Gate2TravelSDK",
        "declAttributes": [
          "AccessControl",
          "RawDocComment"
        ],
        "conformances": [
          {
            "kind": "Conformance",
            "name": "Copyable",
            "printedName": "Copyable",
            "usr": "s:s8CopyableP",
            "mangledName": "$ss8CopyableP"
          },
          {
            "kind": "Conformance",
            "name": "Escapable",
            "printedName": "Escapable",
            "usr": "s:s9EscapableP",
            "mangledName": "$ss9EscapableP"
          },
          {
            "kind": "Conformance",
            "name": "Equatable",
            "printedName": "Equatable",
            "usr": "s:SQ",
            "mangledName": "$sSQ"
          },
          {
            "kind": "Conformance",
            "name": "Hashable",
            "printedName": "Hashable",
            "usr": "s:SH",
            "mangledName": "$sSH"
          },
          {
            "kind": "Conformance",
            "name": "Error",
            "printedName": "Error",
            "usr": "s:s5ErrorP",
            "mangledName": "$ss5ErrorP"
          },
          {
            "kind": "Conformance",
            "name": "Sendable",
            "printedName": "Sendable",
            "usr": "s:s8SendableP",
            "mangledName": "$ss8SendableP"
          },
          {
            "kind": "Conformance",
            "name": "SendableMetatype",
            "printedName": "SendableMetatype",
            "usr": "s:s16SendableMetatypeP",
            "mangledName": "$ss16SendableMetatypeP"
          }
        ]
      },
      {
        "kind": "Import",
        "name": "Foundation",
        "printedName": "Foundation",
        "declKind": "Import",
        "moduleName": "Gate2TravelSDK"
      },
      {
        "kind": "Import",
        "name": "Gate2TravelCore",
        "printedName": "Gate2TravelCore",
        "declKind": "Import",
        "moduleName": "Gate2TravelSDK",
        "declAttributes": [
          "SPIAccessControl"
        ]
      },
      {
        "kind": "Import",
        "name": "Gate2TravelESims",
        "printedName": "Gate2TravelESims",
        "declKind": "Import",
        "moduleName": "Gate2TravelSDK",
        "declAttributes": [
          "SPIAccessControl"
        ]
      },
      {
        "kind": "TypeDecl",
        "name": "SDKLocalizationProvider",
        "printedName": "SDKLocalizationProvider",
        "children": [
          {
            "kind": "Var",
            "name": "common",
            "printedName": "common",
            "children": [
              {
                "kind": "TypeNominal",
                "name": "CommonLocalization",
                "printedName": "any Gate2TravelCore.CommonLocalization",
                "usr": "s:15Gate2TravelCore18CommonLocalizationP"
              }
            ],
            "declKind": "Var",
            "usr": "s:14Gate2TravelSDK23SDKLocalizationProviderP6common0aB4Core18CommonLocalization_pvp",
            "mangledName": "$s14Gate2TravelSDK23SDKLocalizationProviderP6common0aB4Core18CommonLocalization_pvp",
            "moduleName": "Gate2TravelSDK",
            "protocolReq": true,
            "accessors": [
              {
                "kind": "Accessor",
                "name": "Get",
                "printedName": "Get()",
                "children": [
                  {
                    "kind": "TypeNominal",
                    "name": "CommonLocalization",
                    "printedName": "any Gate2TravelCore.CommonLocalization",
                    "usr": "s:15Gate2TravelCore18CommonLocalizationP"
                  }
                ],
                "declKind": "Accessor",
                "usr": "s:14Gate2TravelSDK23SDKLocalizationProviderP6common0aB4Core18CommonLocalization_pvg",
                "mangledName": "$s14Gate2TravelSDK23SDKLocalizationProviderP6common0aB4Core18CommonLocalization_pvg",
                "moduleName": "Gate2TravelSDK",
                "genericSig": "<τ_0_0 where τ_0_0 : Gate2TravelSDK.SDKLocalizationProvider>",
                "sugared_genericSig": "<Self where Self : Gate2TravelSDK.SDKLocalizationProvider>",
                "protocolReq": true,
                "reqNewWitnessTableEntry": true,
                "accessorKind": "get"
              }
            ]
          },
          {
            "kind": "Var",
            "name": "esims",
            "printedName": "esims",
            "children": [
              {
                "kind": "TypeNominal",
                "name": "ESimsLocalization",
                "printedName": "any Gate2TravelESims.ESimsLocalization",
                "usr": "s:16Gate2TravelESims0C12LocalizationP"
              }
            ],
            "declKind": "Var",
            "usr": "s:14Gate2TravelSDK23SDKLocalizationProviderP5esims0aB5ESims0G12Localization_pvp",
            "mangledName": "$s14Gate2TravelSDK23SDKLocalizationProviderP5esims0aB5ESims0G12Localization_pvp",
            "moduleName": "Gate2TravelSDK",
            "protocolReq": true,
            "accessors": [
              {
                "kind": "Accessor",
                "name": "Get",
                "printedName": "Get()",
                "children": [
                  {
                    "kind": "TypeNominal",
                    "name": "ESimsLocalization",
                    "printedName": "any Gate2TravelESims.ESimsLocalization",
                    "usr": "s:16Gate2TravelESims0C12LocalizationP"
                  }
                ],
                "declKind": "Accessor",
                "usr": "s:14Gate2TravelSDK23SDKLocalizationProviderP5esims0aB5ESims0G12Localization_pvg",
                "mangledName": "$s14Gate2TravelSDK23SDKLocalizationProviderP5esims0aB5ESims0G12Localization_pvg",
                "moduleName": "Gate2TravelSDK",
                "genericSig": "<τ_0_0 where τ_0_0 : Gate2TravelSDK.SDKLocalizationProvider>",
                "sugared_genericSig": "<Self where Self : Gate2TravelSDK.SDKLocalizationProvider>",
                "protocolReq": true,
                "reqNewWitnessTableEntry": true,
                "accessorKind": "get"
              }
            ]
          }
        ],
        "declKind": "Protocol",
        "usr": "s:14Gate2TravelSDK23SDKLocalizationProviderP",
        "mangledName": "$s14Gate2TravelSDK23SDKLocalizationProviderP",
        "moduleName": "Gate2TravelSDK",
        "genericSig": "<τ_0_0 : Swift.Sendable>",
        "sugared_genericSig": "<Self : Swift.Sendable>",
        "declAttributes": [
          "AccessControl",
          "RawDocComment"
        ],
        "conformances": [
          {
            "kind": "Conformance",
            "name": "Escapable",
            "printedName": "Escapable",
            "usr": "s:s9EscapableP",
            "mangledName": "$ss9EscapableP"
          },
          {
            "kind": "Conformance",
            "name": "Copyable",
            "printedName": "Copyable",
            "usr": "s:s8CopyableP",
            "mangledName": "$ss8CopyableP"
          },
          {
            "kind": "Conformance",
            "name": "Sendable",
            "printedName": "Sendable",
            "usr": "s:s8SendableP",
            "mangledName": "$ss8SendableP"
          },
          {
            "kind": "Conformance",
            "name": "SendableMetatype",
            "printedName": "SendableMetatype",
            "usr": "s:s16SendableMetatypeP",
            "mangledName": "$ss16SendableMetatypeP"
          }
        ]
      },
      {
        "kind": "TypeDecl",
        "name": "DefaultSDKLocalization",
        "printedName": "DefaultSDKLocalization",
        "children": [
          {
            "kind": "Var",
            "name": "common",
            "printedName": "common",
            "children": [
              {
                "kind": "TypeNominal",
                "name": "CommonLocalization",
                "printedName": "any Gate2TravelCore.CommonLocalization",
                "usr": "s:15Gate2TravelCore18CommonLocalizationP"
              }
            ],
            "declKind": "Var",
            "usr": "s:14Gate2TravelSDK22DefaultSDKLocalizationV6common0aB4Core18CommonLocalization_pvp",
            "mangledName": "$s14Gate2TravelSDK22DefaultSDKLocalizationV6common0aB4Core18CommonLocalization_pvp",
            "moduleName": "Gate2TravelSDK",
            "declAttributes": [
              "HasStorage",
              "AccessControl"
            ],
            "isLet": true,
            "hasStorage": true,
            "accessors": [
              {
                "kind": "Accessor",
                "name": "Get",
                "printedName": "Get()",
                "children": [
                  {
                    "kind": "TypeNominal",
                    "name": "CommonLocalization",
                    "printedName": "any Gate2TravelCore.CommonLocalization",
                    "usr": "s:15Gate2TravelCore18CommonLocalizationP"
                  }
                ],
                "declKind": "Accessor",
                "usr": "s:14Gate2TravelSDK22DefaultSDKLocalizationV6common0aB4Core18CommonLocalization_pvg",
                "mangledName": "$s14Gate2TravelSDK22DefaultSDKLocalizationV6common0aB4Core18CommonLocalization_pvg",
                "moduleName": "Gate2TravelSDK",
                "implicit": true,
                "accessorKind": "get"
              }
            ]
          },
          {
            "kind": "Var",
            "name": "esims",
            "printedName": "esims",
            "children": [
              {
                "kind": "TypeNominal",
                "name": "ESimsLocalization",
                "printedName": "any Gate2TravelESims.ESimsLocalization",
                "usr": "s:16Gate2TravelESims0C12LocalizationP"
              }
            ],
            "declKind": "Var",
            "usr": "s:14Gate2TravelSDK22DefaultSDKLocalizationV5esims0aB5ESims0G12Localization_pvp",
            "mangledName": "$s14Gate2TravelSDK22DefaultSDKLocalizationV5esims0aB5ESims0G12Localization_pvp",
            "moduleName": "Gate2TravelSDK",
            "declAttributes": [
              "HasStorage",
              "AccessControl"
            ],
            "isLet": true,
            "hasStorage": true,
            "accessors": [
              {
                "kind": "Accessor",
                "name": "Get",
                "printedName": "Get()",
                "children": [
                  {
                    "kind": "TypeNominal",
                    "name": "ESimsLocalization",
                    "printedName": "any Gate2TravelESims.ESimsLocalization",
                    "usr": "s:16Gate2TravelESims0C12LocalizationP"
                  }
                ],
                "declKind": "Accessor",
                "usr": "s:14Gate2TravelSDK22DefaultSDKLocalizationV5esims0aB5ESims0G12Localization_pvg",
                "mangledName": "$s14Gate2TravelSDK22DefaultSDKLocalizationV5esims0aB5ESims0G12Localization_pvg",
                "moduleName": "Gate2TravelSDK",
                "implicit": true,
                "accessorKind": "get"
              }
            ]
          },
          {
            "kind": "Constructor",
            "name": "init",
            "printedName": "init()",
            "children": [
              {
                "kind": "TypeNominal",
                "name": "DefaultSDKLocalization",
                "printedName": "Gate2TravelSDK.DefaultSDKLocalization",
                "usr": "s:14Gate2TravelSDK22DefaultSDKLocalizationV"
              }
            ],
            "declKind": "Constructor",
            "usr": "s:14Gate2TravelSDK22DefaultSDKLocalizationVACycfc",
            "mangledName": "$s14Gate2TravelSDK22DefaultSDKLocalizationVACycfc",
            "moduleName": "Gate2TravelSDK",
            "declAttributes": [
              "AccessControl",
              "RawDocComment"
            ],
            "init_kind": "Designated"
          },
          {
            "kind": "Constructor",
            "name": "init",
            "printedName": "init(common:esims:)",
            "children": [
              {
                "kind": "TypeNominal",
                "name": "DefaultSDKLocalization",
                "printedName": "Gate2TravelSDK.DefaultSDKLocalization",
                "usr": "s:14Gate2TravelSDK22DefaultSDKLocalizationV"
              },
              {
                "kind": "TypeNominal",
                "name": "CommonLocalization",
                "printedName": "any Gate2TravelCore.CommonLocalization",
                "usr": "s:15Gate2TravelCore18CommonLocalizationP"
              },
              {
                "kind": "TypeNominal",
                "name": "ESimsLocalization",
                "printedName": "any Gate2TravelESims.ESimsLocalization",
                "usr": "s:16Gate2TravelESims0C12LocalizationP"
              }
            ],
            "declKind": "Constructor",
            "usr": "s:14Gate2TravelSDK22DefaultSDKLocalizationV6common5esimsAC0aB4Core18CommonLocalization_p_0aB5ESims0kJ0_ptcfc",
            "mangledName": "$s14Gate2TravelSDK22DefaultSDKLocalizationV6common5esimsAC0aB4Core18CommonLocalization_p_0aB5ESims0kJ0_ptcfc",
            "moduleName": "Gate2TravelSDK",
            "declAttributes": [
              "AccessControl",
              "RawDocComment"
            ],
            "isFromExtension": true,
            "init_kind": "Designated"
          }
        ],
        "declKind": "Struct",
        "usr": "s:14Gate2TravelSDK22DefaultSDKLocalizationV",
        "mangledName": "$s14Gate2TravelSDK22DefaultSDKLocalizationV",
        "moduleName": "Gate2TravelSDK",
        "declAttributes": [
          "AccessControl",
          "RawDocComment"
        ],
        "conformances": [
          {
            "kind": "Conformance",
            "name": "Copyable",
            "printedName": "Copyable",
            "usr": "s:s8CopyableP",
            "mangledName": "$ss8CopyableP"
          },
          {
            "kind": "Conformance",
            "name": "Escapable",
            "printedName": "Escapable",
            "usr": "s:s9EscapableP",
            "mangledName": "$ss9EscapableP"
          },
          {
            "kind": "Conformance",
            "name": "SDKLocalizationProvider",
            "printedName": "SDKLocalizationProvider",
            "usr": "s:14Gate2TravelSDK23SDKLocalizationProviderP",
            "mangledName": "$s14Gate2TravelSDK23SDKLocalizationProviderP"
          },
          {
            "kind": "Conformance",
            "name": "Sendable",
            "printedName": "Sendable",
            "usr": "s:s8SendableP",
            "mangledName": "$ss8SendableP"
          },
          {
            "kind": "Conformance",
            "name": "SendableMetatype",
            "printedName": "SendableMetatype",
            "usr": "s:s16SendableMetatypeP",
            "mangledName": "$ss16SendableMetatypeP"
          }
        ]
      }
    ],
    "json_format_version": 8
  },
  "ConstValues": [
    {
      "filePath": "\/Users\/zzeynalov\/Documents\/Projects\/Gate2Travel\/ios\/Sources\/Gate2TravelSDK\/Gate2Travel.swift",
      "kind": "Array",
      "offset": 2220,
      "length": 2,
      "value": "[]"
    }
  ]
}